alpha, EPE, AAE, 
5.0, 0.68996584, 6.5953445, 
10.0, 0.3496465, 3.8535194, 
15.0, 0.32824677, 3.4385757, 
20.0, 0.33117077, 3.308699, 
25.0, 0.34088904, 3.2563794, 
30.0, 0.35310516, 3.246179, 
35.0, 0.36845407, 3.2848487, 
40.0, 0.38487467, 3.334365, 
45.0, 0.40219364, 3.3999271, 
